danceability,energy,loudness,speechiness,acousticness,instrumentalness,liveness,valence,tempo,id,duration_ms,time_signature
0.16,0.296,-11.86,0.0348,0.111,0.847,0.101,0.0388,62.33,7h4FywzqhgZrrvpiLDJ2vw,293347,4
0.63,0.625,-5.088,0.0252,0.231,0.0,0.0765,0.683,167.998,3BsaRV5QIulYz2lV9WWa8T,234960,4
0.627,0.451,-9.462,0.0275,0.174,0.0,0.0634,0.291,129.872,72MSivvHmzBcpSvcHRyf9b,246493,4
0.728,0.94,-5.034,0.0368,0.0814,0.000162,0.109,0.967,113.76,1sxUaLi0G2vB7dl4ogtCxH,237240,4
0.638,0.937,-4.642,0.0444,0.0942,0.0,0.327,0.762,100.03,1yKDl9K9lrbIFSpPBzEQtb,192333,4
0.677,0.665,-5.171,0.0305,0.56,1.01e-06,0.338,0.706,74.981,70XtWbcVZcpaOddJftMcVi,312533,4
0.609,0.563,-6.284,0.0328,0.0109,7.76e-06,0.156,0.306,148.949,3wACjmQo7ZkRNMLfZXndFB,259533,4
0.797,0.48,-5.564,0.0276,0.247,0.0,0.237,0.641,108.237,5S0cvScXb33JVpjTiY9Ivi,255600,4
0.949,0.661,-4.244,0.0572,0.0302,0.0,0.0454,0.76,104.504,3yfqSUWxFvZELEM4PmlwIR,284200,4
0.839,0.641,-5.669,0.0858,0.0324,4.56e-06,0.0602,0.927,97.004,2WfhlEjoUII31H6imnQdvF,242560,4
0.746,0.443,-7.693,0.0771,0.283,0.0,0.14,0.27,119.31,3w8Mw9GHYepoTWOSdiyosj,274227,4
0.478,0.736,-7.124,0.0367,0.02,9.58e-05,0.118,0.564,144.705,046MBhhgQJJghnbgZCkaAR,229827,4
0.55,0.587,-6.279,0.0329,0.354,0.0,0.128,0.466,165.975,46n2EGFnPC3tzWCN1Aqe26,284760,4
0.779,0.788,-4.63,0.0362,0.278,2.5e-06,0.0708,0.791,119.999,0h9mUYPhZd2aQK2JmrHPD2,206933,4
0.694,0.947,-3.91,0.0546,0.00621,0.0395,0.133,0.518,105.019,3t7sGit21WDOjYkqh3Y9yB,208733,4
0.785,0.539,-8.23,0.0505,0.0134,8.61e-06,0.0528,0.721,137.999,1eFwJoCJj6FoeUhx07CDys,264467,4
0.733,0.794,-6.909,0.223,0.259,0.0,0.483,0.832,95.877,1tJkic0TURTCXw3rBhYgWu,175560,4
0.612,0.579,-6.417,0.0486,0.286,0.0,0.0556,0.73,86.286,0CmXXEwul09Kf8X68lPA5l,284667,4
0.676,0.601,-4.905,0.0297,0.103,0.0,0.147,0.206,119.94,08GOEVXupC6ECbulhPGQKm,285387,4
0.775,0.729,-4.229,0.162,0.0303,0.00247,0.0361,0.895,104.719,7fFCnttacpotkyhTOxKv14,211493,4
0.754,0.811,-3.679,0.0561,0.0185,5.18e-06,0.654,0.639,109.902,0PSZ9G584Ve27GK6ThlY6P,267960,4
0.738,0.914,-4.203,0.0434,0.144,0.00099,0.182,0.935,127.885,43zr9kKkeiQrshvYuvNtfM,272360,4
0.789,0.654,-5.284,0.118,0.035,1.65e-05,0.0658,0.83,104.993,7dO7S7cAUqTUiVRqQ2v9zh,270884,4
0.775,0.686,-5.472,0.184,0.0161,1.43e-06,0.3,0.729,125.241,3uZAWnZVt2xL4X7RfNrCDk,309293,4
0.667,0.773,-4.983,0.0586,0.201,0.0,0.404,0.667,89.976,4zYTZvtcww7OWKie7fxA9E,250707,4
0.802,0.341,-8.56,0.488,0.169,0.0,0.0783,0.849,166.01,0rRboI6IRuGx56Dq3UdYY4,197760,4
0.751,0.831,-5.743,0.178,0.265,7.97e-05,0.201,0.707,90.834,3ltqIDgVV4QSNDQPQ4y5kr,265227,4
0.872,0.868,-3.036,0.12,0.153,2.26e-05,0.843,0.822,105.005,1PUNthIXityeZlnRLcP7JI,231213,4
0.179,0.641,-6.93,0.0439,0.636,0.0303,0.94,0.495,85.378,1Fbz8vXRqyPSOmMvOxV6Dg,134920,4
0.299,0.422,-9.977,0.0285,0.0873,0.0,0.182,0.168,67.797,623lYBOJ7bLwh1bu3yeN5V,191600,4
0.679,0.733,-4.393,0.239,0.302,0.0,0.0946,0.906,90.632,42ENIUbWw6VusXuB2VMhPx,230640,4
0.727,0.515,-6.553,0.0289,0.241,3.74e-06,0.124,0.695,89.488,6CbcdeTQKj0qTaZTt0xkdk,262227,4
0.838,0.764,-5.076,0.0586,0.0862,0.000122,0.0906,0.924,133.592,023lag1AgeOf7YChojecRu,161240,4
0.884,0.677,-5.603,0.283,0.0778,0.0,0.0732,0.584,101.868,3jagJCUbdqhDSPuxP8cAqF,263227,4
0.414,0.572,-3.918,0.0311,0.163,0.0,0.115,0.16,145.184,4kvdX9zzsix7jYHsRVkVUH,228280,4
0.323,0.728,-5.416,0.0321,0.00394,0.000447,0.102,0.489,161.586,79pY2Z5eFvXMt9bSdHLrnA,215333,3
0.512,0.645,-5.631,0.029,0.141,0.0,0.0987,0.283,111.015,6mJMvtuCMZt4XXNs5zw1zx,226307,3
0.784,0.583,-7.16,0.185,0.0438,0.0,0.282,0.704,101.977,1YhiWWFrbdd3kAVhSYDhZ7,297840,4
0.656,0.767,-6.607,0.21,0.00248,0.0,0.0688,0.7,99.201,19lLzX7vt4BhrSOaHeRyn7,236120,4
0.81,0.791,-5.909,0.181,0.0897,0.0,0.0838,0.948,153.066,0FmCLEHfINGqwlyzvklNqy,314400,4
0.675,0.779,-1.439,0.402,0.161,0.0,0.0656,0.553,95.739,6QdVBqkKNUqCqercvUHMkP,232227,4
0.925,0.748,-5.572,0.278,0.0484,0.0,0.101,0.615,92.978,2lVDc57IMK6nypg2iuEWVR,243027,4
0.796,0.477,-7.161,0.108,0.314,0.0,0.12,0.685,119.928,7z3N2W7Xz1t2G2sAO8wFVH,231933,4
0.851,0.849,-3.383,0.0828,0.497,2.05e-06,0.116,0.844,120.014,4XHQyvbrBsQaaBUW1VvmsL,298773,4
0.734,0.466,-8.652,0.0839,0.245,6.88e-06,0.102,0.636,99.976,0CPLnPUUHh44vAzDSM5ZlR,208600,4
0.686,0.588,-8.343,0.0554,0.178,0.0,0.0954,0.617,94.519,7GaFYUqP2WdR4KTPk7cXoP,249120,4
0.459,0.427,-7.734,0.0267,0.114,0.0,0.168,0.354,139.902,0815caqt2Lytro5EIzMufT,195493,3
0.551,0.896,-3.152,0.109,0.033,0.0,0.0899,0.858,171.79,4faFAhOflLzhfJECveRwva,226640,4
0.877,0.885,-4.966,0.17,0.007,0.000497,0.557,0.517,102.507,2bmxx16hNi3W5FGzfFO9xX,196653,4
0.423,0.845,-3.509,0.0559,0.143,5.07e-06,0.213,0.317,116.602,3zwmW1gM4E8FlHXV5nE16u,278973,4
0.84,0.476,-7.918,0.0629,0.0264,0.0,0.0865,0.767,139.987,4EI8VuxUuIHKfafU72emqz,201400,4
0.69,0.928,-2.76,0.061,0.00937,0.0,0.547,0.604,130.889,5MzjQ95rdB2xt9DNa2IzaC,239773,4
0.538,0.884,-3.251,0.031,0.000138,0.0,0.466,0.736,146.511,5vfjUAhefN7IjHbTvVCT4Z,233027,4
0.551,0.583,-6.473,0.159,0.539,0.0,0.365,0.419,107.424,45LrQ3tg1z8plpuQRCuSwE,992160,4
0.818,0.705,-6.679,0.177,0.00836,0.00233,0.613,0.772,138.559,0d28khcov6AiegSCpG5TuT,222640,4
0.672,0.814,-3.768,0.27,0.258,0.0,0.164,0.379,97.043,34KUIBsIUiPV7oCIzSdDAU,233400,4
0.779,0.64,-8.415,0.159,0.000155,0.000766,0.101,0.499,99.017,4TsmezEQVSZNNPv5RJ65Ov,246960,4
0.779,0.64,-8.415,0.159,0.000155,0.000766,0.101,0.499,99.017,4TsmezEQVSZNNPv5RJ65Ov,246960,4
0.551,0.583,-6.473,0.159,0.539,0.0,0.365,0.419,107.424,45LrQ3tg1z8plpuQRCuSwE,992160,4
0.777,0.501,-6.549,0.112,0.193,0.0,0.104,0.844,134.013,6rJQTvhKl5GSEA8SWW7t1X,232840,4
0.571,0.89,-1.6,0.0395,0.00509,0.0,0.0769,0.751,110.958,1JURww012QnWAw0zZXi6Aa,234147,4
0.662,0.785,-5.299,0.186,0.16,0.0,0.0784,0.604,89.885,6tp27J7xy18DQiQXut3GsF,219000,4
0.546,0.814,-5.146,0.0314,0.023,0.0,0.0972,0.146,104.98,3ZffCQKLFLUvYM59XKLbVm,285653,4
0.553,0.752,-5.888,0.0302,0.373,3.2e-05,0.208,0.595,141.67,5wKaxpvqXq95IaoAVPLgoi,290933,3
0.587,0.583,-5.284,0.0313,0.248,0.0,0.124,0.15,139.92,0gJvqi9QyASOCtJu99tytc,219493,4
0.672,0.814,-3.768,0.27,0.258,0.0,0.164,0.379,97.043,34KUIBsIUiPV7oCIzSdDAU,233400,4
0.702,0.719,-3.264,0.0372,0.0296,2.98e-06,0.0914,0.916,128.027,0hfJNGh9nLKhd0RHvpDcUs,179427,4
0.624,0.766,-6.31,0.396,0.00494,0.0,0.107,0.714,91.727,4eihdGG3Tga3oFq4yqCDeL,262640,4
0.95,0.803,-4.195,0.151,0.145,0.0,0.0748,0.86,117.0,4kOTDj4SiZPkW1p96WMDNv,213066,4
0.891,0.439,-7.994,0.428,0.0351,0.0,0.0932,0.622,77.499,2ajhenDRiiAnCHHjsIOHhJ,224253,4
0.621,0.961,-3.198,0.154,0.00523,0.0,0.0854,0.449,114.451,0a7BloCiNzLDD9qSQHh5m7,180267,4
0.534,0.671,-5.023,0.195,0.0504,0.0,0.362,0.422,174.292,0NJu93oln1kkgbHLFzLJ4h,192240,4
0.44,0.573,-5.42,0.0365,0.581,0.0,0.0777,0.442,178.192,3SnXIPWciHwAS04oKdPC0l,183547,4
0.726,0.701,-5.881,0.0999,0.0708,0.0,0.262,0.673,146.575,6Y3WvyUG9iE5bQYg38SPtQ,246333,4
0.618,0.746,-5.476,0.352,0.0553,0.0,0.273,0.75,75.272,4CDIEKHMb2MBgvgHBkhiJD,281320,4
0.574,0.721,-4.312,0.0335,0.0254,0.0,0.0952,0.159,120.033,0x7663BmBYv7m1ejUzXHfd,220800,4
0.702,0.719,-3.264,0.0372,0.0296,2.98e-06,0.0914,0.916,128.027,0hfJNGh9nLKhd0RHvpDcUs,179427,4
0.688,0.518,-4.285,0.0283,0.0642,0.0,0.1,0.314,116.714,0W4NhJhcqKCqEP2GIpDCDq,255333,4
0.792,0.647,-8.314,0.045,0.255,0.000223,0.132,0.694,102.477,0aJrYfARfCKzv6gXjhs4SZ,209547,4
0.548,0.815,-5.218,0.0409,0.0175,8.9e-06,0.127,0.212,129.963,1dpXikU9kSyxm1mKulwHws,191733,4
0.697,0.859,-5.306,0.19,0.0349,0.0,0.0931,0.696,93.78,3NkIfsiFHnljGrlXSD2AJ3,222387,4
0.258,0.933,-4.2,0.0678,0.000644,1.76e-06,0.97,0.355,168.157,2NsTDsICai2vfaAVqxial8,216649,4
0.775,0.896,-3.445,0.0901,0.017,0.0,0.0492,0.86,109.929,3oyBjanJeqPz5cOMDedCyl,170000,4
0.537,0.674,-5.134,0.0277,0.0088,0.0,0.265,0.33,136.002,4bVuIlGQBMWS7vIhcx8Ae4,214107,4
0.375,0.668,-4.83,0.0357,0.000309,2.95e-05,0.14,0.219,156.08,5zXCrjl0ygKMWd4hS1YQCL,281987,4
0.677,0.671,-4.905,0.0361,0.004,5.07e-05,0.413,0.527,137.046,30cSNer6TV8x2utjULVeQ5,238920,4
0.552,0.836,-5.608,0.0453,0.00942,0.0,0.372,0.432,140.496,6fTgbkBiMITtHUmik95ClX,208280,4
0.588,0.391,-8.607,0.0334,0.839,0.0,0.227,0.349,144.069,13xxBnXOuiBxVxJI458B0i,226973,4
0.748,0.786,-7.788,0.0641,0.328,0.0,0.34,0.917,104.833,0qAMjeQFyd1qD0LDiV8gWp,172373,4
0.866,0.537,-5.786,0.0335,0.053,0.0156,0.0866,0.643,111.987,1vxw6aYJls2oq3gW0DujAo,177933,4
0.906,0.624,-5.556,0.179,0.000185,6.21e-06,0.0608,0.775,84.009,0Eu5SrReZzaJX0NLKI8tQS,274947,4
0.448,0.508,-6.153,0.0276,0.111,8.09e-05,0.113,0.236,83.241,5dPfweC4kFNvS45Hke0FBF,238227,4
0.562,0.934,-5.562,0.0607,0.00211,0.0,0.199,0.558,103.042,5gB2IrxOCX2j9bMnHKP38i,275640,4
0.714,0.67,-6.053,0.0445,0.341,1.89e-06,0.0772,0.771,82.008,1G32fy7VMCDLl92iGXvBEm,204267,4
0.77,0.609,-5.894,0.345,0.214,0.0,0.166,0.631,90.952,7K2IeEefMiK8sDL8RBvXw2,241307,4
0.59,0.562,-5.8,0.029,0.327,0.0,0.135,0.271,119.429,0p9sEGpxxooSZCjfKrWcZy,227027,4
0.501,0.468,-8.494,0.0507,0.31,2.04e-06,0.0923,0.712,105.769,7707HOYVAMYlG9VJB60SW9,198373,4
0.792,0.589,-6.869,0.262,0.0259,0.000128,0.114,0.778,157.147,0tYPj0NYa7vjlJaqlRSnJb,207587,4
0.8,0.502,-6.062,0.0371,0.00167,0.0,0.0784,0.388,115.091,5F7IJrXD6Fa3EmqoYE0gU4,289760,4
0.967,0.583,-5.562,0.0789,0.0584,0.0,0.0519,0.964,117.0,0O45fw2L5vsWpdsOdXwNAR,242733,4
0.537,0.882,-2.306,0.0403,0.00035,9.06e-05,0.12,0.81,145.73,1pHP4JeQV9wDx87D6qH9hD,179813,4
0.421,0.799,-5.183,0.0562,0.00871,1.63e-05,0.0794,0.731,82.407,6BxGP8hwjuKKka0J7vvtEd,221720,4
0.72,0.548,-4.805,0.0291,0.00269,0.000118,0.0511,0.709,99.004,58ZvuqZgeuZMCbpCsH9E76,211693,4
0.674,0.646,-5.876,0.027,0.486,8.37e-05,0.262,0.613,148.1,1qHRFZE8qykNXYZadzmi1m,209320,4
0.404,0.571,-5.069,0.0303,0.182,2.08e-05,0.129,0.29,147.01,2WZyfujzMweFLnozyUJBkW,245933,4
0.217,0.905,-4.103,0.0752,0.000289,0.00011,0.222,0.236,96.95,5wQnmLuC1W7ATsArWACrgW,311107,4
0.447,0.694,-4.637,0.382,0.0293,5.46e-06,0.167,0.509,175.868,6RX5iL93VZ5fKmyvNXvF1r,227853,4
0.43,0.956,-1.019,0.272,0.0313,0.0,0.315,0.436,105.678,0oi3XBxDxpo6S0NUSOnU1G,223080,4
0.871,0.871,-6.328,0.139,0.0469,0.00114,0.0543,0.811,116.946,2aI21FnmY7TJVKeMaoQZ0t,223080,4
0.641,0.765,-6.626,0.0383,0.000975,0.0,0.387,0.19,91.009,7qFxSPDUDMQNGBqTvK4aEj,240613,4
0.704,0.854,-5.477,0.183,0.0185,0.0,0.148,0.688,92.988,1zyqZONW985Cs4osz9wlsu,242587,4
0.735,0.839,-4.705,0.271,0.0534,0.0,0.0942,0.834,89.942,0447V6bjlw5ERYGu3BEBnB,223813,4
0.527,0.503,-6.769,0.0252,0.0971,1.98e-05,0.107,0.305,137.021,0AezqhM99T5CS0mrEz3OM3,280867,4
0.621,0.6,-6.349,0.576,0.277,0.0,0.495,0.485,80.021,0AA6zq5ArZ1sSH7VIMi4NK,253707,4
0.897,0.738,-5.314,0.228,0.0166,0.0,0.0573,0.798,133.966,4PgtB6Sul8WDTRZCe5e8St,213373,4
0.709,0.891,-3.688,0.0528,0.00144,0.0,0.034,0.886,141.04,1iOJQhxKSJ7dg3Dk03yPnl,214387,4
0.764,0.751,-3.74,0.0703,0.00554,0.000237,0.164,0.418,91.977,2HWWNoWEEEECwZhAiLg7ib,199853,4
0.48,0.621,-4.814,0.0372,0.206,0.0,0.134,0.713,207.676,4ivFqlhL0Dvu6Q9XZkqsPF,237120,4
0.527,0.503,-6.769,0.0252,0.0971,1.98e-05,0.107,0.305,137.021,0AezqhM99T5CS0mrEz3OM3,280867,4
0.606,0.591,-7.228,0.087,0.0756,0.0,0.328,0.477,95.802,1MBM7CyZbwJpVbbZJnHHRg,252973,4
0.803,0.852,-2.429,0.0357,0.00484,0.000331,0.0576,0.878,113.998,3PNOYDruQplC92lNc7mE9W,211080,4
0.81,0.538,-5.783,0.0357,0.53,0.0,0.0951,0.832,109.97,6CFPFnS9EcLs2I0nWqtWci,266840,4
0.762,0.491,-6.735,0.0283,0.263,0.0,0.186,0.367,116.045,5pbdWdGUFojHTCaEVW01wK,264040,4
0.619,0.709,-4.633,0.0395,0.00541,0.0,0.507,0.68,144.972,1IYaMVfidzSfvCUZYXhsU1,253400,4
0.407,0.558,-13.609,0.0552,0.0537,1.42e-06,0.34,0.777,71.815,3N4DI1vuTSX1tz7fa2NQZw,214947,4
0.577,0.668,-4.884,0.514,0.105,0.0,0.0924,0.702,60.709,2oWbOh3tLluqTdYL5OEDvs,257120,3
0.417,0.63,-7.24,0.0898,0.0209,0.0134,0.0543,0.341,94.214,2LMq1O0NiqGhPOlXo3McYQ,254533,4
0.51,0.417,-7.583,0.0263,0.111,6.36e-05,0.116,0.145,148.01,09ln4QumFqjIkfCFiW9aRk,276453,4
0.528,0.745,-7.683,0.0539,0.0424,1.68e-05,0.257,0.784,177.835,41OvINy2RjLet11iW849vX,208560,4
0.684,0.455,-8.216,0.0307,0.215,1.08e-06,0.263,0.487,97.956,174rZBKJAqD10VBnOjlQQ3,216893,4
0.617,0.716,-7.858,0.136,0.0056,0.0,0.408,0.496,104.014,0j2T0R9dR9qdJYsB7ciXhf,311867,4
0.584,0.696,-3.836,0.0694,0.000728,0.0,0.184,0.699,137.11,6sDP4912wjwB7BJhbSnjS1,153347,4
0.888,0.777,-6.262,0.0505,0.0961,3.14e-05,0.0514,0.876,118.998,1z7FW0nlEBGtQWQ19kz7qp,241520,4
0.426,0.784,-3.225,0.0421,0.306,0.0,0.0695,0.272,147.939,6xfL1KzGxg48ACVlQE9qXr,225213,3
0.525,0.933,-4.673,0.356,0.159,0.000241,0.311,0.457,122.631,2OXo0vKbu3ilgz4S5EOn60,223720,5
0.566,0.905,-5.093,0.0646,0.0045,0.0,0.21,0.792,83.0,1EHh1fC9FCKw31wotfXx7L,212253,4
0.641,0.552,-5.423,0.0283,0.027,4.63e-06,0.148,0.152,90.098,0mZ5GyrHG908lqrHaTw4hi,254524,4
0.604,0.605,-8.516,0.0352,0.115,1.22e-05,0.305,0.647,147.925,6reuJxDtjebwc9FB6rNpp0,285280,4
0.71,0.484,-7.415,0.049,0.22,3.93e-06,0.0879,0.576,109.95,49CP2usyaN98EdtrOWXnal,183667,4
0.788,0.844,-3.131,0.0334,0.25,0.000678,0.0723,0.382,113.324,6ic8OlLUNEATToEFU3xmaH,251240,4
0.499,0.857,-4.501,0.0374,0.00476,0.0,0.102,0.324,83.977,6xRMwzjtb7bEbDFYP97jQB,266587,4
0.886,0.259,-9.246,0.0423,0.731,5.49e-06,0.108,0.305,119.894,2E9KlM0BvKZKcZAQRu3OWV,135387,4
0.731,0.563,-4.046,0.131,0.191,0.000423,0.296,0.452,184.004,29TqbHtaTUjEDOBGJ5FNZX,240427,4
0.923,0.795,-3.61,0.117,0.0394,0.000565,0.101,0.588,123.021,33vzOPcd9FRirYGlCu32x4,242133,4
0.562,0.657,-8.074,0.0315,0.173,0.000272,0.102,0.266,127.808,3JHDtmFdX9kdx9wz0md98U,315360,4
0.662,0.693,-4.298,0.0698,0.134,0.0,0.145,0.655,86.009,5Lgcn7u07bHuqbOtXkN62u,252120,4
0.583,0.786,-3.142,0.0301,0.0208,0.0,0.188,0.573,123.055,4E6cwWJWZw2zWf7VFbH7wf,258827,4
0.584,0.696,-3.836,0.0694,0.000728,0.0,0.184,0.699,137.11,6sDP4912wjwB7BJhbSnjS1,153347,4
0.694,0.709,-6.205,0.103,0.0966,0.0,0.267,0.566,114.966,0jTTjg6q4jsd2RhuHwTvLj,188000,4
0.846,0.649,-6.849,0.0534,0.000341,0.0,0.0623,0.496,114.976,2K1MhduqSRF4Q2agqEtnEh,218213,4
0.399,0.767,-3.732,0.0328,0.0242,0.0,0.306,0.507,135.943,4kf33kU0KAlkNBK9pNbYNU,249693,4
0.846,0.649,-6.849,0.0534,0.000341,0.0,0.0623,0.496,114.976,2K1MhduqSRF4Q2agqEtnEh,218213,4
0.774,0.653,-5.158,0.05,0.0912,0.0,0.151,0.818,120.01,4yHFxB8kzzeuNvoouR8N0N,244267,4
0.518,0.467,-7.536,0.162,0.248,0.0,0.0941,0.559,79.965,3goSVuTt3fDYDP6kRnFwuL,229413,4
0.852,0.927,-4.497,0.0581,0.0109,0.00268,0.054,0.887,107.993,37QOvoAg1EC0PgWnfMrRmi,171227,4
0.793,0.859,-3.774,0.0332,0.266,0.000356,0.133,0.964,129.911,1zusIxNqJu8i4g6P6hJ2Qa,219920,4
0.702,0.76,-3.174,0.0684,0.00226,0.0,0.132,0.696,129.996,1pXrR5Y9OgcIV2JEAl2lCB,179640,4
0.486,0.617,-7.115,0.0287,0.0954,3.23e-06,0.109,0.417,138.015,1mea3bSkSGXuIRvnydlB5b,242373,4
0.672,0.685,-5.762,0.0499,0.00165,0.0,0.398,0.367,118.45,21pySLskKIKrhDziCX5ojQ,245680,4
0.59,0.903,-4.478,0.0363,0.0232,0.0,0.0786,0.542,107.023,5ecZWU5uQOiCVSnPxBZNmT,213453,4
0.709,0.725,-4.999,0.0556,0.208,4.54e-05,0.158,0.759,97.046,1mJ05BN0So26a14iib85aI,213360,4
0.653,0.864,-6.395,0.0325,0.00757,1.1e-06,0.0629,0.827,116.966,4O4hiA7KxHhzv3s0QIHDlz,227733,4
0.526,0.781,-3.673,0.0369,0.0613,0.0,0.121,0.358,142.06,7g8OpS827dAYU067lZaR0L,284707,4
0.68,0.687,-6.162,0.0709,0.0161,0.0,0.261,0.467,150.053,1IAzD1muglOxOcPbUHs70R,249533,4
0.387,0.479,-7.842,0.0315,0.434,0.0,0.119,0.804,67.911,2QE57N7D5SP8uEdxWt0zV7,129187,4
0.673,0.681,-5.693,0.118,0.52,0.0,0.235,0.707,171.864,34ceTg8ChN5HjrqiIYCn9Q,232000,4
0.775,0.66,-6.489,0.296,0.393,0.0,0.31,0.58,117.831,2KBuYzNoLTkwwXQhm6NuxG,288941,4
0.565,0.938,-1.838,0.0687,0.103,0.0,0.397,0.562,176.543,6wtcR8APXJAtPXb6LV96ia,214267,4
0.772,0.843,-7.061,0.058,0.0164,0.00316,0.0895,0.59,124.99,5knxa9j29AigAUHKxnB7m5,228654,4
0.724,0.695,-5.226,0.0622,0.073,0.0,0.0889,0.235,139.0,4fixebDZAVToLbUCuEloa2,224400,4
0.63,0.504,-6.152,0.0334,0.0953,0.0,0.308,0.487,89.946,1oQZk2bKBLgP1cbuFKvjkq,249867,4
0.63,0.504,-6.152,0.0334,0.0953,0.0,0.308,0.487,89.946,1oQZk2bKBLgP1cbuFKvjkq,249867,4
0.6,0.792,-5.894,0.0516,0.00321,4.84e-05,0.315,0.399,80.059,5X3ahLXhOw16BR09GjYPUT,294720,4
0.446,0.834,-4.014,0.0341,0.0794,0.0,0.114,0.363,132.034,7zmqbdEqmQWgU2wOoBPG83,228827,4
0.791,0.713,-3.742,0.254,0.0163,0.0,0.189,0.514,130.012,5jzX4dWVQeBTtfBaXnMRt5,192573,4
0.526,0.882,-4.006,0.0509,0.0014,0.0,0.144,0.424,144.982,4Dm32oO01YpIubCHaAtKkN,211493,4
0.422,0.712,-5.907,0.1,0.273,0.0,0.051,0.471,78.454,2CvOqDpQIMw69cCzWqr5yr,261160,4
0.516,0.874,-2.571,0.186,0.0864,0.0,0.173,0.391,169.561,4dK00wCxlqWEeN8BoM1BHT,297520,3
0.453,0.975,-3.074,0.291,0.0518,1.57e-06,0.223,0.155,129.174,0wruS6JEQCGeYrvsCIdG0Z,202680,4
0.616,0.47,-6.092,0.0253,0.291,0.0,0.111,0.325,80.03,0Z5ok0QLLttAKsujOZYOXf,210507,4
0.595,0.715,-13.863,0.0384,0.0374,0.0,0.374,0.722,134.498,6QbcLktLNe7eYqh8TjZeCd,213787,4
0.458,0.585,-5.574,0.0342,0.324,0.0,0.231,0.196,145.977,4lhajjgcICdfhRkvWj9Tud,245373,4
0.893,0.666,-5.089,0.136,0.0203,0.0,0.342,0.874,107.029,158q3fa4ZMoMYWdiYWD5NL,220427,4
0.641,0.451,-7.694,0.0899,0.507,1.71e-06,0.629,0.612,179.967,4He7bzKBaiu7CRz4wGkZzx,223160,4
0.866,0.857,-5.894,0.0664,0.13,0.0017,0.13,0.408,130.049,3oDFtOhcN08qeDPAK6MEQG,251440,4
0.738,0.804,-6.018,0.0608,0.197,0.0,0.297,0.791,109.045,6ntkwU1MhehTKgx4BWxX3f,181013,4
0.452,0.544,-5.423,0.0277,0.0631,5.33e-06,0.104,0.158,133.042,5vyxXfD5gLlyPxGZMEjtmd,191947,3
0.502,0.938,-3.114,0.13,0.00098,0.0,0.318,0.35,144.077,2I5CPUnMIKjEXeg61OI9uV,200347,4
0.588,0.845,-4.497,0.0377,0.00869,0.0,0.326,0.745,138.014,2gnZad0pb6QtUqMLTj2AjI,231560,4
0.777,0.82,-3.211,0.0471,0.00505,2.6e-05,0.142,0.651,119.987,5myYDbAurm1CW038qd4gL2,208133,4
0.632,0.773,-4.856,0.0346,0.0623,0.0,0.0885,0.474,130.033,1qrpoAMXodY6895hGKoUpA,231124,4
0.524,0.878,-3.108,0.0346,0.0012,0.0,0.098,0.589,130.985,28RZ8tNiWmTYISN51VpnNO,199187,4
0.894,0.678,-5.611,0.0523,0.00569,2.43e-06,0.317,0.844,105.029,0eH2eHURaXUP15D8gQlfjx,216333,4
0.653,0.788,-5.411,0.0338,0.00993,2.09e-06,0.201,0.481,120.992,4DyKZmONpoggnn3piyjad2,226733,4
0.395,0.922,-2.176,0.375,0.19,0.0,0.134,0.558,162.361,3QLjDkgLh9AOEHlhQtDuhs,257690,4
0.632,0.73,-5.895,0.245,0.00316,0.0,0.397,0.762,76.067,6klZDCEsQzMELAPyovvpUw,315320,4
0.64,0.822,-4.954,0.041,0.42,0.000435,0.144,0.395,141.054,4QoZGQ8woaho94v629kVl1,199773,4
0.276,0.715,-5.356,0.0432,0.00552,0.000417,0.201,0.173,137.028,5VGlqQANWDKJFl0MBG3sg2,230760,4
0.23,0.492,-5.767,0.0317,0.568,8.18e-06,0.176,0.262,160.139,57uX2vR9j9DNiANDYfXw1i,256613,4
0.585,0.927,-5.253,0.04,0.00432,0.0,0.178,0.672,142.043,33RJ3P6wc0B0FIyDalhNTv,226253,4
0.632,0.924,-1.802,0.29,0.281,0.0,0.263,0.441,86.844,7LR85XLWw2yXqKBSI5brbG,267520,4
0.665,0.779,-2.671,0.0367,0.00431,2.33e-05,0.617,0.9,109.986,6yrU8Dn9x8KcAftMIODkyP,184547,4
0.615,0.711,-5.507,0.0779,0.0444,0.0,0.145,0.711,144.036,7xkQdy0cy5ymoWT7nedvLz,221253,4
0.629,0.174,-9.697,0.141,0.616,0.0,0.118,0.305,134.295,2Dz5WpEWA0vhnMmEPYiZ2y,146067,1
0.762,0.692,-3.973,0.0437,0.112,0.0,0.094,0.397,114.903,02XnQdf7sipaKBBHixz3Zp,208307,4
0.491,0.956,-1.538,0.392,0.0295,0.0,0.46,0.811,173.585,2igwFfvr1OAGX9SKDCPBwO,276920,4
0.637,0.69,-3.214,0.0693,0.417,0.0,0.211,0.103,140.329,35srNkJVToAzYiZzron1FY,253907,4
0.597,0.82,-2.529,0.0582,0.0328,0.0,0.119,0.576,119.969,6OqdF0vHI9xkqswI7EK0cD,236787,4
0.553,0.795,-4.001,0.0436,0.22,0.0,0.358,0.389,116.765,5Qug2Ewwf5yuAt61P2KiO7,282147,3
0.615,0.733,-4.808,0.0335,0.152,0.0,0.109,0.796,122.58,4fIWvT19w9PR0VVBuPYpWA,244587,4
0.755,0.837,-2.718,0.142,0.0991,0.0,0.289,0.714,120.028,0HPD5WQqrq7wPWR7P7Dw1i,199693,4
0.802,0.556,-5.395,0.0418,0.0339,0.0,0.0958,0.158,120.047,77fP7UixHMYEIFT8NS92Ul,261413,4
0.48,0.486,-5.754,0.0447,0.0469,0.0,0.107,0.265,80.051,3rMsX63C0IZVnOT5LGYoTH,227533,4
0.449,0.956,-4.011,0.0398,0.000347,0.0,0.325,0.321,97.011,5FuBPXQZyBXvlnra6Bv3SR,226640,4
0.492,0.641,-5.296,0.0448,0.459,0.0,0.0809,0.235,76.07,2DWO9x9rhszjJsabuPqp8P,242093,4
0.381,0.596,-5.76,0.0394,0.432,0.0,0.126,0.459,72.439,1pI69oVKfYz2ZWUzVSIKY1,141253,4
0.531,0.574,-6.693,0.113,0.114,0.0308,0.256,0.272,115.68,2DHc2e5bBn4UzY0ENVFrUl,232467,5
0.691,0.853,-2.528,0.0372,0.0631,6.7e-05,0.082,0.762,145.999,6eDApnV9Jdb1nYahOlbbUh,215867,4
0.555,0.75,-4.424,0.204,0.159,0.0,0.274,0.726,86.84,69ghzc538EQSVon2Gm3wrr,229107,4
0.637,0.701,-5.018,0.0412,0.0625,0.0,0.175,0.466,161.476,66cQXuWUSM6vcfRxAPVTtf,221773,4
0.563,0.75,-4.496,0.127,0.113,0.0,0.0788,0.812,173.909,60jzFy6Nn4M0iD1d94oteF,222920,4
0.473,0.799,-4.798,0.0483,0.0738,0.0,0.121,0.506,155.892,3URKVmDz5tkE7AfkQLWEeL,227720,4
0.64,0.6,-8.534,0.0318,0.0795,1.5e-06,0.106,0.593,84.969,7LrZ3SczM7zlUkVlhevPp2,172227,4
0.459,0.545,-4.874,0.0282,0.142,0.0,0.105,0.194,137.941,6ZfXA2xakAvphXOSOJ3u1W,248587,3
0.826,0.612,-3.891,0.0982,0.00681,0.0,0.0889,0.756,120.057,6vc2Jq2vaGu8z326kSrw92,187133,4
0.624,0.86,-3.129,0.043,0.0119,0.0,0.0598,0.521,110.018,3pt4BDnaMo2vznoVSv7b2y,199693,4
0.467,0.195,-9.281,0.0656,0.924,0.0,0.138,0.288,75.896,1rc7RzuBYQ9KZIntUyEAVb,219613,4
0.476,0.84,-2.259,0.058,0.11,0.0,0.046,0.648,156.254,1Fo2N5iXRi37maMboaig7O,177253,4
0.628,0.922,-4.638,0.0759,0.0055,3.69e-06,0.181,0.532,119.005,0LpE5tfNe15QLvQL4YDi7T,294227,4
0.78,0.572,-5.999,0.0316,0.363,0.000457,0.0787,0.863,107.067,3daDd8yhWLgeWyCeZp9eIj,192853,4
0.729,0.675,-5.292,0.0286,4.14e-05,0.00126,0.0867,0.74,125.036,0WCiI0ddWiu5F2kSHgfw5S,215200,4
0.503,0.648,-6.243,0.027,0.227,0.00124,0.378,0.39,147.942,2Y48Q7HryWdPJZypJotjlJ,391853,4
0.674,0.943,-3.413,0.0408,0.0159,0.0,0.504,0.856,118.06,5cQIrML7iJEUsOCNsHqWlB,205613,4
0.789,0.706,-4.233,0.0429,0.112,1.71e-05,0.0586,0.638,125.918,2ENexcMEMsYk0rVJigVD3i,235493,4
0.501,0.809,-5.264,0.0938,0.0338,0.00602,0.119,0.258,149.964,456WNXWhDwYOSf5SpTuqxd,252819,4
0.56,0.925,-5.48,0.0362,0.0372,0.0,0.104,0.178,135.009,5bvgRxco3jgSZ3SP8rueDA,339853,4
0.452,0.563,-6.607,0.0272,0.144,0.0,0.143,0.209,137.715,7JIuqL4ZqkpfGKQhYlrirs,267653,3
0.7,0.709,-5.006,0.0838,0.0048,0.0,0.029,0.624,122.019,1gv4xPanImH17bKZ9rOveR,202960,4
0.552,0.98,-4.676,0.254,0.00159,0.00552,0.438,0.668,162.961,4Dio1t8RHzLv1nfPJTSZyP,195440,4
0.45,0.634,-4.814,0.0308,0.0985,0.0,0.0883,0.13,143.75,2usybbJIyVPm1aeGK2bitr,256440,4
0.501,0.809,-5.264,0.0938,0.0338,0.00602,0.119,0.258,149.964,456WNXWhDwYOSf5SpTuqxd,252819,4
0.388,0.633,-4.769,0.0275,0.0339,0.0,0.104,0.381,173.947,49kjlZP49LMD1MrrcvXDET,252440,4
0.753,0.729,-3.862,0.0392,0.00334,5.66e-05,0.073,0.812,120.013,3pYDZTJM2tVBUhIRifWVzI,219973,4
0.633,0.822,-5.011,0.0722,0.00846,0.0,0.141,0.633,122.993,6FCngfdkfRZ0CwL2eZAgnc,216560,4
0.833,0.441,-6.172,0.152,0.392,0.0,0.149,0.762,127.658,67QoEc0mR2OpqNKXgHGHDq,180280,4
0.592,0.499,-9.463,0.0375,0.0536,4.52e-05,0.113,0.346,141.937,2F79HavLHwJlfvvJOkkIQD,215627,4
0.592,0.499,-9.463,0.0375,0.0536,4.52e-05,0.113,0.346,141.937,2F79HavLHwJlfvvJOkkIQD,215627,4
0.606,0.942,-3.618,0.0357,0.000233,7.07e-06,0.106,0.373,110.98,1mX6SYJ1ZpcoxQUiER8wOI,270387,4
0.569,0.797,-7.674,0.0599,0.124,1.14e-06,0.105,0.664,163.972,3O5zp6tOdGFWi0NdzC0frI,212320,4
0.673,0.932,-3.252,0.164,0.182,1.93e-06,0.303,0.536,129.029,1IJYb2qBTHMoDzHgsuA86H,256280,4
0.562,0.768,-5.006,0.0488,0.00361,0.0,0.0742,0.218,139.968,4qEoqyPbLYnLOii6mKlIjI,198107,4
0.723,0.86,-4.357,0.203,0.271,4.56e-06,0.598,0.667,126.979,3hlksXnvbKogFdPbpO9vel,200013,4
0.671,0.808,-4.861,0.0652,0.02,0.0,0.134,0.637,121.956,1r3myKmjWoOqRip99CmSj1,206080,4
0.644,0.661,-6.093,0.0418,0.000177,5.23e-06,0.108,0.272,153.992,7xyN0pha5zIbwvXeIADGpe,240307,4
0.652,0.81,-3.789,0.0406,0.00129,2.91e-05,0.667,0.732,126.022,1htQDV8JxSuXG2QsNj5ttr,230733,4
0.696,0.546,-6.55,0.0414,0.00379,3.8e-06,0.332,0.787,130.002,5cCAZS9VhLGEDV4NCfieeg,210267,4
0.858,0.678,-3.87,0.0469,0.0761,0.0,0.0741,0.922,117.009,0laYHRpNTS6i8FXdupHkJ4,188453,4
0.492,0.26,-17.341,0.0921,0.646,0.00178,0.0705,0.312,111.519,047fCsbO4NdmwCBn8pcUXl,347227,5
0.572,0.913,-3.626,0.0425,0.018,0.0,0.293,0.724,79.986,5Lm8wha7kmEuqyjJ237HNM,261747,4
0.521,0.701,-5.238,0.0458,0.0892,0.0,0.0876,0.518,127.082,1ADciGUxOaUbBFd0rpYx7d,307360,4
0.449,0.585,-6.761,0.0268,0.0509,8.75e-05,0.0833,0.212,139.631,6nek1Nin9q48AVZcWs9e9D,278719,4
0.706,0.89,-4.444,0.0688,0.0588,0.00286,0.306,0.684,128.011,2LEF1A8DOZ9wRYikWgVlZ8,248133,4
0.689,0.795,-4.021,0.0356,0.000812,1.07e-06,0.156,0.876,133.968,2009X8GyWTqyxIdzAEYW6N,227333,4
0.421,0.407,-7.445,0.0267,0.309,0.000961,0.11,0.161,139.028,6lanRgr6wXibZr8KgzXxBl,285120,3
0.702,0.715,-5.377,0.0425,0.503,2.44e-05,0.126,0.863,127.048,3Yt9lRtS5V4nbJnwcgFgvC,200013,4
0.613,0.881,-4.43,0.0587,0.00103,0.0059,0.462,0.381,131.097,02d1E4NRuh7OEQO4vCb9PD,264520,4
0.658,0.56,-9.049,0.0467,0.498,0.0,0.0794,0.854,161.993,7xapw9Oy21WpfEcib2ErSA,182947,4
0.562,0.939,-4.282,0.0475,0.046,0.0,0.112,0.684,116.044,1nInOsHbtotAmEOQhtvnzP,221947,4
0.707,0.924,-2.842,0.031,0.000972,0.00703,0.204,0.919,127.937,1gihuPhrLraKYrJMAEONyc,206413,4
0.558,0.873,-4.4,0.0449,0.172,0.0,0.173,0.475,143.967,3kv6omImmKEfOVJWjstusF,213547,4
0.719,0.847,-6.34,0.0919,0.00201,0.0204,0.221,0.443,127.96,5WQQIDU3HRaMyPkob8mpFb,242680,4
0.747,0.937,-5.746,0.0453,0.0208,0.0,0.29,0.739,103.976,3bC1ahPIYt1btJzSSEyyrF,224653,4
0.597,0.919,-2.954,0.0439,0.000145,0.0,0.282,0.729,113.991,4k80K0b6KZ2QjAYkXON7q6,255587,4
0.606,0.826,-6.04,0.0307,0.0256,1.57e-05,0.117,0.332,121.036,1EAgPzRbK9YmdOESSMUm6P,210173,4
0.728,0.858,-3.686,0.0609,0.0403,4.09e-06,0.0241,0.591,125.055,5kcE7pp02ezLZaUbbMv3Iq,205640,4
0.567,0.686,-6.139,0.175,0.0317,1.86e-06,0.0732,0.716,172.014,5YqltLsjdqFtvqE7Nrysvs,193147,4
0.721,0.339,-11.195,0.0532,0.409,0.00153,0.0973,0.2,129.83,7DfFc7a6Rwfi3YQMRbDMau,200747,4
0.722,0.932,-3.294,0.29,0.00453,0.0,0.0817,0.732,132.084,5c58c6sKc2JK3o75ZBSeL1,220413,4
0.66,0.539,-5.947,0.324,0.0534,0.0,0.222,0.307,109.318,65rRB2mspD309xE6YimZTl,293613,5
0.674,0.628,-7.079,0.03,0.00144,0.0,0.0944,0.552,103.998,1jF7IL57ayN4Ity3jQqGu0,247907,4
0.622,0.469,-6.798,0.0363,0.00454,2.25e-06,0.0335,0.679,77.019,6FB3v4YcR57y4tXFcdxI1E,219720,4
0.663,0.857,-2.16,0.0544,0.0542,0.0,0.144,0.931,126.039,6Vh03bkEfXqekWp7Y1UBRb,200213,4
0.715,0.872,-3.835,0.0509,0.00351,3.84e-05,0.107,0.748,93.043,5xvUgoVED1F4mBu8FL0HaW,200947,4
0.558,0.781,-5.448,0.0963,0.00657,0.00144,0.102,0.286,126.025,4bO6IzKXMWhmncfIO9GBq2,214307,4
0.794,0.523,-7.829,0.161,0.0331,0.0,0.156,0.56,86.307,3dgQqOiQ9fCKVhNOedd2lf,174120,4
0.489,0.867,-3.121,0.071,0.025,0.0,0.586,0.409,162.131,3jZomvOBa5qfTo5HkqI1p5,157293,4
0.574,0.512,-6.664,0.0503,0.234,0.0,0.0946,0.512,76.899,4rHZZAmHpZrA3iH5zx8frV,484147,4
0.664,0.642,-5.961,0.038,0.129,0.0,0.114,0.501,118.006,56sxN1yKg1dgOZXBcAHkJG,209693,4
0.642,0.695,-5.62,0.0281,0.000443,1.02e-05,0.0753,0.642,103.984,3yII7UwgLF6K5zW3xad3MP,230960,4
0.836,0.817,-5.672,0.0677,0.00968,0.0,0.114,0.647,112.007,3zbnvxvqV5lL4Vq0FznWsX,230627,4
0.262,0.922,-2.741,0.0984,0.00142,0.000131,0.0711,0.134,131.625,2jEVSknPgTPQnm8w4TJBUA,300011,4
0.653,0.875,-3.015,0.0366,0.291,0.0,0.054,0.775,100.047,3CClN6lWM5m2dfpaFug3VP,205267,4
0.482,0.873,-3.145,0.0853,0.0111,0.0,0.409,0.737,165.084,0qwcGscxUHGZTgq0zcaqk1,214320,4
0.324,0.416,-8.92,0.0368,0.262,3.69e-05,0.11,0.151,113.986,2nMeu6UenVvwUktBCpLMK9,236053,4
0.324,0.416,-8.92,0.0368,0.262,3.69e-05,0.11,0.151,113.986,2nMeu6UenVvwUktBCpLMK9,236053,4
0.874,0.692,-5.28,0.0431,0.0412,7.24e-05,0.324,0.937,116.017,55h7vJchibLdUkxdlX3fK7,178560,4
0.563,0.902,-4.586,0.404,0.0545,0.0,0.0524,0.557,172.004,2OQJKTtrH482waGFmOfJni,227907,4
0.69,0.568,-4.501,0.0525,0.0165,6.98e-06,0.111,0.728,128.059,7bpvfjoneSQvW0tbtVm1Jk,257493,4
0.836,0.817,-5.672,0.0677,0.00968,0.0,0.114,0.647,112.007,3zbnvxvqV5lL4Vq0FznWsX,230627,4
0.824,0.496,-9.24,0.0512,0.00114,0.0755,0.0598,0.464,97.999,6EM8cVY7txpEh10cV84TKu,202384,4
0.532,0.783,-5.697,0.0523,0.0038,0.0012,0.161,0.643,124.08,0nrRP2bk19rLc0orkWPQk2,247427,4
0.671,0.771,-4.821,0.0316,0.00492,7.28e-06,0.354,0.436,90.003,27tNWlhdAryQY04Gb2ZhUI,223546,4
0.53,0.422,-6.262,0.0342,0.407,0.0,0.107,0.349,119.964,2vwlzO0Qp8kfEtzTsCXfyE,221360,4
0.724,0.796,-3.686,0.0328,0.0152,0.0,0.354,0.542,101.975,6NmCCgnQcxKHPOAKgd9Nth,197600,4
0.855,0.433,-8.447,0.15,0.0414,0.0,0.1,0.394,99.975,1HnhCD1u0c4dHSMazmWGyM,217600,4
0.568,0.517,-7.316,0.0894,0.146,0.0,0.343,0.578,104.441,2GCKWEsbb0Xo1oodTOKVi1,262840,4
0.459,0.899,-2.978,0.21,0.0038,0.0,0.126,0.436,176.386,3stOygN0I7CIvkEB2LJGbv,272417,4
0.516,0.777,-4.908,0.0375,0.00108,1.62e-06,0.0761,0.408,125.047,4OAuvHryIVv4kMDNSLuPt6,223093,4
0.41,0.8,-5.221,0.0746,0.272,5.29e-05,0.092,0.32,159.943,1VN6TvmHTIWvLzBAOmre6P,252893,4
0.402,0.696,-4.798,0.0448,0.0476,0.0,0.628,0.227,180.107,2RWs4c3ZJ74WwXlVC3QCQN,243093,3
0.422,0.264,-7.064,0.0322,0.922,0.0,0.132,0.331,119.93,3U4isOIWM3VvDubwSI3y7a,269560,4
0.367,0.665,-2.821,0.0465,0.145,0.0,0.113,0.31,148.913,3sNVsP50132BTNlImLx70i,229147,4
0.543,0.485,-6.79,0.0305,0.555,0.0,0.12,0.372,136.961,0qcr5FMsEO85NAQjrlDRKo,223840,4
0.703,0.867,-4.292,0.0453,0.107,0.0,0.119,0.546,128.008,5HOpkTTVcmZHnthgyxrIL8,213708,4
0.459,0.899,-2.978,0.21,0.0038,0.0,0.126,0.436,176.386,3stOygN0I7CIvkEB2LJGbv,272417,4
0.533,0.755,-7.25,0.0419,0.0332,0.0,0.233,0.472,86.034,4e6ZN0EcEqYx74BTC5xQzy,255907,4
0.647,0.822,-4.662,0.183,0.219,0.0,0.0908,0.962,160.019,60nZcImufyMA1MKQY3dcCH,232720,4
0.647,0.822,-4.662,0.183,0.219,0.0,0.0908,0.962,160.019,60nZcImufyMA1MKQY3dcCH,232720,4
0.621,0.676,-7.808,0.0303,0.506,0.0675,0.0825,0.482,104.007,3MykNWa65IP2VN1Qa6B9yK,252493,4
0.38,0.568,-5.713,0.0436,0.327,0.0,0.0822,0.259,155.956,2B5ey0F0QtFKNIR48vfvNJ,276400,4
0.418,0.441,-11.522,0.283,0.029,0.0707,0.306,0.172,175.928,5hgnY0mVcVetszbb85qeDg,319467,4
0.719,0.674,-5.122,0.0681,0.0879,3.75e-06,0.112,0.843,125.992,2xLOMHjkOK8nzxJ4r6yOKR,215042,4
0.729,0.675,-6.003,0.0312,0.175,1.58e-06,0.55,0.779,119.968,1fidCEsYlaVE3pHwKCvpFZ,245867,4
0.773,0.758,-4.993,0.0381,0.0422,0.0,0.305,0.925,144.033,6RtPijgfPKROxEzTHNRiDp,224840,4
0.545,0.675,-6.474,0.0279,0.00617,0.00197,0.209,0.162,124.97,0FDzzruyVECATHXKHFs9eJ,267867,4
0.738,0.482,-8.917,0.0402,0.0266,0.621,0.106,0.352,93.457,23khhseCLQqVMCIT1WMAns,285014,4
0.715,0.931,-3.793,0.0565,0.171,0.0,0.0757,0.742,120.025,3cOO5IQtOYs7huq4Z6lYfr,224853,4
0.63,0.925,-4.512,0.0338,0.0183,7.45e-06,0.33,0.654,101.019,1qFQKFt9fp1LU9QsvFbyPS,198275,4
0.627,0.703,-4.884,0.236,0.563,0.0,0.0962,0.64,81.897,6jizk5lOUnfpaZXYMdfeC6,217307,4
0.659,0.911,-2.28,0.0786,0.154,0.000304,0.191,0.576,91.999,7982sGZuvo5OXsY6REzgIn,169866,4
0.792,0.73,-5.376,0.0713,0.0605,2.58e-05,0.0891,0.617,128.031,2g1jbrVOuX488h5ILA1Cb2,186507,4
0.782,0.589,-7.37,0.0803,0.0476,5.84e-06,0.0366,0.849,85.022,1dgWTMoHwTUnQhOQ8SR5fV,182960,4
0.807,0.887,-3.726,0.0503,0.0573,2.87e-06,0.124,0.961,134.052,5jE48hhRu8E6zBDPRSkEq7,187920,4
0.934,0.798,-5.665,0.0849,0.266,4.54e-05,0.0962,0.895,120.162,24MSdaNRlLgjp8xYeJeXwZ,201933,4
0.963,0.603,-6.224,0.18,0.0673,5.93e-06,0.214,0.647,129.99,0mI8oH0MvwAR7JvRnYZsZv,260240,4
0.279,0.742,-6.46,0.0898,0.000185,0.0,0.593,0.328,189.868,3h4T9Bg8OVSUYa6danHeH5,231013,4
0.68,0.84,-3.823,0.0414,0.0457,8.66e-06,0.143,0.468,104.975,4XPWKmy05Rcff6TLHNoNF8,213213,4
0.585,0.61,-8.388,0.0353,0.103,0.000314,0.113,0.0597,94.969,0Nf53RDPZEjFrQE4B5n6Vf,232507,4
0.886,0.628,-5.949,0.131,0.00215,1.15e-05,0.31,0.178,119.906,2JI71GHwq2LN8mtq3iCLYo,239574,4
0.671,0.777,-4.322,0.046,0.0057,0.0011,0.0783,0.289,99.98,4rUTAkOU7OkVGeQuyQCHhF,230907,4
0.721,0.802,-5.797,0.0583,0.0921,0.0,0.694,0.724,124.022,2bJvI42r8EF3wxjOuDav4r,229360,4
0.658,0.282,-8.282,0.0353,0.433,0.0,0.0741,0.39,119.757,1cQ3LIkZE68pMSnPhZWXLu,277724,3
0.582,0.272,-5.662,0.0501,0.875,0.0,0.13,0.354,205.846,78TTtXnFQPzwqlbtbwqN0y,188238,4
0.628,0.593,-5.036,0.0323,0.093,1.65e-06,0.096,0.104,125.025,7xoUc6faLbCqZO6fQEYprd,197267,4
0.714,0.563,-7.574,0.0723,0.0266,0.0,0.0776,0.31,100.091,1ID1QFSNNxi0hiZCNcwjUC,241853,4
0.825,0.756,-3.687,0.383,0.265,2.15e-06,0.0762,0.888,172.938,12d5QFwzh60IIHlsSnAvps,177733,4
0.567,0.587,-5.626,0.0417,0.867,0.0,0.13,0.572,83.046,2fmqPLRFdJNPhLU3b2NSFp,272728,4
0.418,0.332,-9.482,0.0492,0.771,2.01e-05,0.109,0.171,119.164,74sb4Gib0cL3TQeCjYF8vh,253208,4
0.743,0.618,-7.227,0.0732,0.076,0.0,0.0731,0.285,129.034,20lNo44eUUCnyNNInzwkv9,287933,4
0.584,0.813,-7.221,0.0582,0.0297,0.000197,0.272,0.774,95.081,4sl4UWqzHSG7riBKdralwy,204387,4
0.498,0.225,-10.22,0.0302,0.842,0.0,0.112,0.355,173.787,11qh54D0PKkBwelpDxxiEU,193320,3
0.498,0.225,-10.22,0.0302,0.842,0.0,0.112,0.355,173.787,11qh54D0PKkBwelpDxxiEU,193320,3
0.62,0.805,-5.538,0.0417,0.00564,9.15e-05,0.285,0.586,122.062,2hHLbkatPwOOmrNxTiD41L,204764,4
0.782,0.685,-6.237,0.0309,0.166,1.18e-05,0.16,0.603,118.02,7vFoFDWqTX0mHzLfrF1Cfy,180566,4
0.726,0.607,-7.68,0.0498,0.0389,0.0,0.19,0.891,81.997,4T0ScSPdQKmGvruK7pavNP,176744,4
0.614,0.379,-10.48,0.0476,0.607,0.000464,0.0986,0.201,107.989,1HNkqx9Ahdgi1Ixy2xkKkL,258987,4
0.776,0.875,-5.535,0.0575,0.0343,0.0,0.314,0.849,111.988,6rmXhRIemCTPyMYZRDN7Qg,211786,4
0.852,0.553,-7.286,0.187,0.0559,0.0,0.332,0.656,142.079,27GmP9AWRs744SzKcpJsTZ,205879,4
0.505,0.68,-4.993,0.0714,0.0796,0.0,0.0465,0.539,168.022,25KybV9BOUlvcnv7nN3Pyo,235653,3
0.687,0.761,-4.582,0.0876,0.102,0.0,0.147,0.743,113.939,2GyA33q5rti5IxkMQemRDH,223853,4
0.75,0.683,-4.829,0.12,0.0462,1.32e-06,0.297,0.539,111.066,1dl3vuXJS9anUXE7XnNP75,200492,4
0.765,0.473,-5.829,0.0514,0.287,0.0,0.391,0.34,119.992,5kqIPrATaCc2LqxVWzQGbk,237300,4
0.536,0.311,-10.396,0.0288,0.82,1.65e-05,0.107,0.246,147.486,3nnG7AM9QopHVPEuLX3Khk,260533,4
0.628,0.737,-4.437,0.041,0.0638,0.0,0.0777,0.591,91.505,0nhBKubnVz9yFNNprBniWz,185194,4
0.686,0.73,-5.504,0.412,0.0287,0.0,0.369,0.271,145.251,275a9yzwGB6ncAW4SxY7q3,247867,4
0.647,0.673,-5.992,0.176,0.172,0.0,0.223,0.527,179.971,6BOtDFg6GJm0rPUDuNmx57,224000,4
0.457,0.899,-2.591,0.132,0.0019,0.0,0.831,0.298,147.268,6JyuJFedEvPmdWQW0PkbGJ,215510,4
0.752,0.765,-5.805,0.0908,0.118,0.0,0.31,0.309,105.998,3cCxoOgfi6hgt8MNteuiiD,193748,4
0.677,0.401,-8.467,0.0308,0.712,0.0,0.116,0.195,111.825,0qvzXomUDJVaUboy2wMfiS,232852,4
0.807,0.887,-3.892,0.275,0.00381,0.0,0.391,0.78,160.517,1lItf5ZXJc1by9SbPeljFd,144244,4
0.495,0.762,-3.842,0.0862,0.591,0.0,0.0763,0.708,123.893,6nxQdXa1uAL0rY72wPZu89,210293,4
0.677,0.401,-8.467,0.0308,0.712,0.0,0.116,0.195,111.825,0qvzXomUDJVaUboy2wMfiS,232852,4
0.495,0.762,-3.842,0.0862,0.591,0.0,0.0763,0.708,123.893,6nxQdXa1uAL0rY72wPZu89,210293,4
0.729,0.739,-9.5,0.338,0.696,9.37e-06,0.164,0.749,90.306,0eneujAc4PxkdjP25Gsue1,237427,4
0.638,0.6,-5.84,0.0438,0.114,0.0,0.187,0.0399,101.981,2xbI8Vmyv3TkpTdywpPyNw,245604,4
0.606,0.887,-4.782,0.052,0.0498,3.47e-06,0.0958,0.349,97.972,2jB9QaPJyVdz2Q0Va8rrnU,191787,4
0.681,0.358,-14.701,0.138,0.677,0.00411,0.124,0.0682,113.402,0ZQfn5nh2TnVE6Q0AT8eXr,197773,5
0.489,0.505,-8.022,0.117,0.579,0.000333,0.104,0.337,163.255,0y1QJc3SJVPKJ1OvFmFqe6,213707,4
0.812,0.523,-5.287,0.259,0.0432,0.0,0.154,0.381,75.524,0Fv5N0cHBsl4bzCbollCAS,142907,4
0.853,0.56,-4.961,0.0406,0.013,0.0,0.0944,0.86,134.066,0KKkJNfGyhkQ5aFogxQAPU,206693,4
0.617,0.635,-6.769,0.0317,0.0498,1.44e-05,0.164,0.446,103.019,6RUKPb4LETWmmr3iAEQktW,247160,4
0.594,0.721,-7.812,0.0957,0.0209,8.55e-06,0.0879,0.253,128.942,6ie2Bw3xLj2JcGowOlcMhb,234653,4
0.461,0.834,-4.868,0.0989,0.0232,1.14e-05,0.14,0.471,135.007,6PCUP3dWmTjcTtXY02oFdT,261154,4
0.732,0.75,-6.366,0.231,0.00264,0.0,0.109,0.401,155.096,7GX5flRQZVHRAGd6B4TmDO,182707,4
0.539,0.636,-6.613,0.0325,0.351,0.0,0.356,0.321,83.993,4Az17HfqonKSWNsaLgTBeK,212320,4
0.735,0.425,-6.648,0.0464,0.011,0.0,0.055,0.848,85.896,2cOUlop2ZakjOKe4WinesN,188174,4
0.573,0.781,-6.406,0.0555,0.0767,2.64e-05,0.0813,0.343,139.934,1UZOjK1BwmwWU14Erba9CZ,231907,4
0.965,0.414,-6.408,0.0712,0.189,0.0,0.0767,0.729,121.032,2fZQIJew3nkNe99s2PKzul,214648,4
0.604,0.822,-4.833,0.0438,0.00672,0.134,0.147,0.288,167.997,1zB4vmk8tFRmM9UULNzbLB,187147,4
0.764,0.628,-5.851,0.0503,0.053,0.0,0.114,0.196,140.963,6xcJyGpfZbuuiequtnlKt4,190557,4
0.491,0.588,-6.177,0.0506,0.0281,2.01e-06,0.0906,0.193,113.608,0Qh38w01QRXK6KHIv0e3hb,269600,4
0.766,0.709,-6.471,0.123,0.204,1.41e-05,0.126,0.506,128.07,1P17dC1amhFzptugyAO7Il,211853,4
0.599,0.448,-6.312,0.0232,0.163,0.0,0.106,0.168,95.05,0tgVpDi06FyKpA1z0VMD4v,263400,3
0.691,0.771,-5.17,0.164,0.0511,0.0,0.135,0.673,78.463,2HBtd9MYDd2xDVu8Zc6pwt,157643,4
0.704,0.859,-4.877,0.0996,0.0185,0.0,0.0215,0.926,105.115,3Vo4wInECJQuz9BIBMOu8i,217289,4
0.637,0.713,-4.333,0.0747,0.181,0.000637,0.137,0.243,129.923,4eWQlBRaTjPPUlzacqEeoQ,226973,4
0.817,0.816,-5.402,0.269,0.00263,0.0,0.159,0.508,181.982,2UVbBKQOdFAekPTRsnkzcf,190288,4
0.658,0.603,-5.016,0.0549,0.0946,0.0,0.107,0.435,126.035,3T9CfDxFYqZWSKxd0BhZrb,190643,4
0.737,0.742,-2.875,0.0441,0.218,0.0,0.316,0.386,119.966,7uYgVgRSgqluZclLS7wpp4,258000,4
0.645,0.705,-5.008,0.299,0.000813,0.0,0.128,0.376,137.133,51rXHuKN8Loc4sUlKPODgH,229670,4
0.645,0.705,-5.008,0.299,0.000813,0.0,0.128,0.376,137.133,51rXHuKN8Loc4sUlKPODgH,229670,4
0.622,0.711,-7.321,0.0665,0.0573,0.0,0.13,0.487,140.016,2QZ7WLBE8h2y1Y5Fb8RYbH,211360,4
0.686,0.73,-5.077,0.374,0.278,4.76e-05,0.106,0.474,128.943,1e4rwBPVI32vZtTJu7mJ4J,191600,5
0.917,0.679,-6.083,0.266,0.0867,0.0,0.588,0.453,102.449,2qsQ8eVDPmobZpvDxQCVQu,191700,4
0.686,0.73,-5.077,0.374,0.278,4.76e-05,0.106,0.474,128.943,1e4rwBPVI32vZtTJu7mJ4J,191600,5
0.809,0.845,-5.843,0.352,0.224,0.0,0.638,0.67,90.015,3A1BaBGT3HgzuDrV9pgX9v,176990,4
0.963,0.346,-9.309,0.53,0.0355,0.0,0.108,0.562,119.957,6vN77lE9LK6HP2DewaN6HZ,142273,4
0.511,0.566,-7.23,0.2,0.349,0.0,0.34,0.218,83.903,285pBltuF7vW8TeWk8hdRR,239836,4
0.671,0.529,-7.226,0.307,0.0769,0.000335,0.0856,0.203,161.989,4VXIryQMWpIdGgYR4TrjT1,165820,4
0.74,0.613,-4.88,0.145,0.258,0.00372,0.123,0.473,75.023,3ee8Jmje8o58CHK66QrVC2,166606,4
0.597,0.854,-5.114,0.463,0.0169,0.0,0.124,0.152,120.276,2iUXsYOEPhVqEBwsqP70rE,203418,4
0.759,0.574,-6.889,0.0572,0.46,0.00272,0.102,0.261,151.98,0JvUjekRwmDcQq4S0Sxocf,191147,4
0.79,0.629,-4.055,0.142,0.182,7.06e-06,0.338,0.267,170.023,33tNYw9oMtSkGe27NpgS64,169620,4
0.669,0.574,-6.442,0.0286,0.0175,0.00294,0.146,0.273,120.013,4jvjzW7Hm0yK4LvvE0Paz9,196400,4
0.79,0.629,-4.055,0.142,0.182,7.06e-06,0.338,0.267,170.023,33tNYw9oMtSkGe27NpgS64,169620,4
0.695,0.586,-10.315,0.0658,0.102,0.317,0.113,0.112,98.035,2OpBganfGk2GVdSlRdxzaX,229320,4
0.95,0.59,-6.508,0.29,0.00534,0.0,0.11,0.219,130.003,2GGMabyHXnJmjY6CXhhB2e,183527,4
0.753,0.616,-8.245,0.0495,0.00583,1.77e-06,0.109,0.0388,105.952,1Am3fwJi1NF1sD2McZfVWi,215364,4
0.78,0.492,-3.4,0.0671,0.0643,0.0313,0.174,0.374,143.983,22An65gG31JLf9n18qjdhZ,94246,4
0.391,0.226,-14.475,0.0315,0.919,0.00174,0.118,0.217,105.652,77dLL5ctI7j2BYb3ss7k8m,269115,4
0.791,0.587,-5.075,0.0413,0.407,0.0,0.148,0.536,96.057,3Ol2xnObFdKV9pmRD2t9x8,179449,4
0.829,0.538,-7.359,0.212,0.137,1.88e-06,0.103,0.389,99.952,7xQAfvXzm3AkraOtGPWIZg,149547,4
0.72,0.706,-4.719,0.0473,0.0684,0.0,0.166,0.62,133.002,7DnAm9FOTWE3cUvso43HhI,187436,4
0.705,0.531,-7.031,0.0282,0.0135,2.18e-06,0.165,0.426,107.013,3pJkBPHadRAxBBo484RipI,178333,4
0.711,0.696,-5.05,0.0869,0.16,0.0,0.17,0.694,80.512,3NgcaTIgVh77DdwAInp996,189533,4
0.551,0.402,-7.431,0.0262,0.676,0.0,0.0928,0.382,103.313,2rxQMGVafnNaRaXlRMWPde,193200,4
0.543,0.88,-4.204,0.0366,0.035,0.000223,0.304,0.483,144.051,6ozPVrrStfjZMlg6bnLegx,193067,4
0.487,0.859,-4.403,0.0488,0.00204,0.0,0.322,0.377,148.037,6viHvc13l9A6Ua6xugpeX6,228480,4
0.579,0.511,-6.788,0.0293,0.254,0.0,0.099,0.594,78.003,74CEfiZthUGX5yUNNUM4bj,230973,4
0.74,0.488,-7.664,0.27,0.234,0.0,0.241,0.584,149.042,7rvyVWja33WG9R97oeJAjx,120133,4
0.906,0.382,-12.89,0.269,0.18,0.0,0.113,0.391,104.025,1rBjexQsgqXpsS2BrCxaDX,129264,4
0.964,0.487,-6.071,0.421,0.00127,6.07e-06,0.115,0.108,127.05,577YBGuskWkVDCxZrLRB4v,154024,4
0.905,0.389,-14.505,0.332,0.74,0.162,0.106,0.196,120.046,4SSnFejRGlZikf02HLewEF,193143,4
0.669,0.578,-4.669,0.374,0.0509,0.0,0.0796,0.7,158.969,5nzhL67GpF9szXWg5y509A,203881,4
0.759,0.73,-7.985,0.0516,0.145,3.06e-06,0.11,0.74,115.007,7eBqSVxrzQZtK2mmgRG6lC,268434,4
0.541,0.468,-4.039,0.362,0.404,3.65e-06,0.358,0.69,95.266,1WSGTYKLEpKfNQYYW5Oymt,158027,4
0.853,0.351,-10.198,0.241,0.39,9.38e-06,0.752,0.282,118.028,3Fj47GNK2kUF0uaEDgXLaD,221543,4
0.538,0.863,-4.483,0.0481,0.0139,0.0,0.0874,0.637,77.001,7aEtlGHoiPAfRB084NiDmx,186733,4
0.88,0.67,-5.177,0.0468,0.327,4.17e-06,0.0662,0.131,101.008,1kK6DwzyXJSp58u5HYWwuD,299227,4
0.725,0.79,-2.331,0.197,0.0711,1.14e-06,0.0602,0.763,175.988,4bTZeO72FwMa6wKOiqoynL,287773,4
0.686,0.561,-9.929,0.191,0.185,0.0,0.114,0.186,148.775,4guBZjUyrGoHsTahO3IHdj,116240,4
0.554,0.755,-6.04,0.0319,0.225,0.0,0.301,0.624,77.962,5Fhe63YOMZsGdB3CgCDuBi,225253,4
0.726,0.408,-6.606,0.0614,0.603,0.0,0.225,0.459,115.918,2xyx0o4xNOLLjBSbOOdcbA,143227,4
0.82,0.697,-7.296,0.378,0.0349,0.0,0.197,0.629,154.992,4vSoyDfL0uZyUoWu5NNNsQ,185866,4
0.704,0.225,-14.454,0.0994,0.902,0.657,0.106,0.243,120.006,3ZCTVFBt2Brf31RLEnCkWJ,245426,4
0.769,0.787,-3.909,0.367,0.189,0.0,0.129,0.836,126.77,6Ozh9Ok6h4Oi1wUSLtBseN,159715,4
0.76,0.746,-5.331,0.227,0.137,0.0,0.0905,0.449,100.011,6JsHgIkMYHcbNtKfsal2Mg,233546,4
0.785,0.431,-8.756,0.0364,0.123,0.0,0.0887,0.236,127.085,0Aqi7ArnBrGblW5T6p2jmD,159382,4
0.537,0.746,-5.507,0.15,0.0236,1e-06,0.156,0.252,170.083,6bnF93Rx87YqUBLSgjiMU8,198267,4
0.682,0.375,-13.056,0.0303,0.579,0.0,0.076,0.888,140.453,77khP2fIVhSW23NwxrRluh,135533,4
0.652,0.631,-5.718,0.0893,0.524,0.000579,0.165,0.35,127.998,7AzlLxHn24DxjgQX73F9fU,154424,4
0.548,0.816,-4.209,0.0465,0.122,0.0,0.335,0.557,95.39,6UelLqGlWMcVH1E5c4H7lY,174000,4
0.598,0.427,-8.764,0.0317,0.0546,5.83e-06,0.21,0.0605,76.469,3eekarcy7kvN4yt5ZFzltW,175721,4
0.793,0.793,-4.521,0.083,0.0123,0.0,0.0951,0.679,123.95,3PfIrDoz19wz7qK7tYeu62,183290,4
0.463,0.653,-5.515,0.0273,0.111,0.000136,0.172,0.233,143.912,5M8goiFYynmNxhueYW6grR,194867,4
0.658,0.572,-6.099,0.0308,0.0811,0.0061,0.121,0.144,108.968,2p8IUWQDrpjuFltbdgLOag,361027,4
0.886,0.672,-4.394,0.188,0.0363,8.78e-06,0.101,0.526,91.976,2n7ohqg1s68ToAHh4u9mcW,192024,4
0.572,0.519,-7.092,0.212,0.536,0.0,0.102,0.35,128.331,48KXAIruJ07kJVCWOGohMV,181860,4
0.83,0.625,-3.678,0.0573,0.226,0.0,0.302,0.884,138.046,0LEFmgIj8ABU7CelzGh5Bs,205636,4
0.843,0.741,-5.609,0.334,0.0252,0.0,0.096,0.68,168.983,55CHeLEfn5iJ0IIkgaa4si,155497,4
0.689,0.689,-5.517,0.045,0.23,0.0,0.57,0.664,130.069,10xuH52YSXHWFwCaF1fsDd,204760,4
0.894,0.618,-4.356,0.129,0.0808,0.0,0.558,0.379,119.1,7IMwEtpAiJanqF6vQteZN2,161320,4
0.755,0.578,-8.932,0.145,0.316,0.0,0.25,0.581,94.148,1IIKrJVP1C9N7iPtG6eOsK,176960,4
0.877,0.607,-7.818,0.15,0.535,0.0,0.138,0.773,127.055,1SF8piqsZWn86DajVKih8F,151249,4
0.929,0.667,-6.789,0.353,0.0185,0.0,0.1,0.274,126.998,3sKz6Sd72K0ofPWcJPPk6H,155168,4
0.766,0.788,-3.128,0.312,0.105,5.81e-06,0.142,0.609,179.984,0GzuHFG4Ql6DoyxFRnIk3F,200482,4
0.699,0.805,-5.535,0.0345,0.00161,0.00177,0.249,0.232,109.976,4i2qxFEVVUi8yOYoxB8TCX,223280,4
0.719,0.598,-6.254,0.077,0.232,0.0,0.115,0.303,142.592,5YnxnTS89l3FElIwfIAeSs,126521,4
0.879,0.365,-7.781,0.0924,0.227,0.135,0.0583,0.663,94.016,20R4HfKloPKgXDqU7UKk3x,173539,4
0.32,0.21,-15.231,0.0345,0.92,8.01e-05,0.138,0.208,73.196,4PS1e8f2LvuTFgUs1Cn3ON,192160,5
0.694,0.769,-4.665,0.0325,0.163,0.0,0.0976,0.663,93.033,72HP2M4jjw4t0AIGdEVGEF,203880,4
0.834,0.371,-11.99,0.0358,0.799,0.0,0.275,0.976,96.628,25leEEaz1gIpp7o21Fqyjo,150267,4
0.335,0.43,-5.364,0.0322,0.846,0.0,0.126,0.379,78.259,2olKV1Kl0yp2WdK78jcFsR,275099,5
0.497,0.897,-4.21,0.0513,0.00635,0.0,0.305,0.539,142.007,2aq7ZO1is1czoQAh076QFU,197223,4
0.746,0.765,-4.41,0.0993,0.0112,0.0,0.0936,0.737,114.044,5aHwYjiSGgJAxy10mBMlDT,199054,4
0.552,0.225,-11.501,0.0477,0.827,0.0,0.111,0.67,138.002,6gdLyYNuhWBzqwlOFSsXC7,219573,4
0.638,0.538,-8.445,0.0315,0.452,0.000415,0.0695,0.318,89.124,3K07bGe8iljQ3mOKArHLDo,240413,4
0.565,0.837,-4.607,0.119,0.106,0.0,0.37,0.775,105.067,2bV4NwncWMnVvcWyU2yxwB,156276,4
0.625,0.552,-7.593,0.325,0.111,3.61e-06,0.294,0.239,81.142,3xUoEjDFhHCWlIeLRoTabt,200000,4
0.65,0.825,-4.645,0.0325,0.0215,2.44e-05,0.0936,0.593,118.091,1oFAF1hdPOickyHgbuRjyX,191014,4
0.466,0.786,-5.13,0.0328,0.417,6.1e-05,0.125,0.571,203.903,4obHzpwGrjoTuZh2DItEMZ,210507,4
0.658,0.538,-7.676,0.0289,0.657,0.0,0.123,0.62,136.967,42lqBjPYlmL1EXpMDXvhSN,161773,4
0.58,0.752,-5.078,0.0267,0.49,0.0,0.277,0.72,148.108,2Qz8kpCjxulML39zB6gQxY,186293,4
0.749,0.463,-8.433,0.0842,0.21,0.0382,0.338,0.189,90.035,60ynsPSSKe6O3sfwRnIBRf,226987,4
0.878,0.475,-8.42,0.324,0.00984,0.0,0.167,0.397,131.988,15C4TnrrVdym7UykxQIOTZ,211610,4
0.641,0.598,-5.7,0.324,0.381,0.0,0.0921,0.285,131.459,5hChuUMe5iHfjkXgzj1D4b,199706,5
0.658,0.634,-6.068,0.0431,0.0104,0.0,0.12,0.302,140.002,1nahzW3kfMuwReTka28tH5,170813,4
0.55,0.637,-5.212,0.163,0.597,0.0,0.129,0.535,84.448,3zc8VZEpM1onYV4FWGdFvm,160078,4
0.66,0.817,-6.269,0.0521,0.162,0.0,0.0667,0.714,135.942,2CYVETnhM9aytqrazYYwrK,277592,4
0.754,0.66,-6.811,0.267,0.179,0.0,0.194,0.316,83.0,3E3pb3qH11iny6TFDJvsg5,209299,4
0.847,0.629,-5.81,0.102,0.0318,0.0,0.152,0.109,135.976,3X2r2CnHOJeV5YekPTgBnK,255532,4
0.752,0.563,-8.066,0.209,0.146,0.0,0.103,0.551,145.05,4VW44pawoOHPUjlN7DX5vk,178776,4
0.849,0.701,-4.407,0.06,0.407,0.0,0.112,0.505,98.005,7Bk0uXKk1uPT0XuQbpFzvs,261667,4
0.386,0.762,-6.341,0.564,0.122,0.0,0.527,0.433,170.691,0BiK5BbYNFLb88CCOxBFJe,138312,4
0.714,0.8,-4.808,0.0504,0.127,0.0,0.359,0.589,134.002,3Wrjm47oTz2sjIgck11l5e,211560,4
0.606,0.671,-7.529,0.352,0.415,0.0,0.176,0.642,168.201,2hoR8CosGo9F4dTrE056ea,148571,4
0.715,0.625,-5.58,0.152,0.225,0.0,0.103,0.588,147.97,2CMVajzxRuxsFNzYFkzjTb,233514,4
0.727,0.739,-3.805,0.0411,0.365,0.00137,0.161,0.533,93.005,2Xr1dTzJee307rmrkt8c0g,145800,4
0.602,0.477,-8.425,0.032,0.268,3.1e-05,0.173,0.552,183.89,2UikqkwBv7aIvlixeVXHWt,213493,4
0.601,0.741,-5.569,0.0478,0.185,2.91e-05,0.415,0.441,153.96,6I3mqTwhRpn34SLVafSH7G,153190,4
0.405,0.565,-9.266,0.0372,0.38,0.0195,0.107,0.166,159.892,6G2xXQRSZlEzYsUEb3uvuR,214149,3
0.604,0.366,-7.519,0.0282,0.578,0.0,0.133,0.13,141.981,46IZ0fSY2mpAiktS3KOqds,224695,4
0.825,0.414,-6.634,0.144,0.00265,0.0,0.357,0.106,72.993,4A8cWXxKfIL3lAyUDzXbCF,200548,4
0.577,0.45,-8.516,0.0834,0.357,0.0,0.111,0.83,205.863,52xJxFP6TqMuO4Yt0eOkMz,216120,4
0.65,0.584,-8.286,0.307,0.0174,1.54e-06,0.042,0.37,180.088,760jhRscwGbIIe1m1IIQpU,202227,4
0.798,0.572,-6.627,0.17,0.027,0.0,0.099,0.293,155.933,1t55dGrBkLvKDzNa9QJ3LV,138453,4
0.56,0.473,-7.23,0.0533,0.618,0.0,0.31,0.441,109.414,4wH7ZoqgETaACS9BlUkvuY,175345,4
0.718,0.709,-5.568,0.039,0.258,0.0,0.101,0.54,119.974,3XoYqtiWHhsk59frZupImG,179427,4
0.59,0.846,-4.251,0.0396,0.182,0.0,0.53,0.733,146.028,19ZzEzb4BVK1wVO4brrmZz,174681,4
0.634,0.764,-5.858,0.0297,0.00354,0.0,0.337,0.736,104.03,6aIrXGmaFqPafbYgxbMUsj,189560,4
0.464,0.755,-5.707,0.0354,0.00838,0.0,0.0989,0.449,155.973,1fff5nZGyRJtFLkOrSSwOU,216764,4
0.947,0.605,-8.621,0.346,0.0748,7.54e-06,0.0901,0.656,129.988,3IPGG5Niex4hGlXFOYWzp9,133613,4
0.836,0.743,-6.305,0.0653,0.0974,0.0,0.335,0.723,108.965,6HMtHNpW6YPi1hrw9tgF8P,191938,4
0.369,0.192,-12.151,0.04,0.555,8.35e-06,0.0954,0.148,175.212,3WMj8moIAXJhHsyLaqIIHI,228013,3
0.519,0.617,-4.287,0.0313,0.0387,0.0,0.401,0.222,147.708,0oWraSo5ASJ0h1BEagTyEw,225300,3
0.801,0.601,-7.574,0.255,0.0777,3.23e-05,0.145,0.74,159.969,0hquQWY3xvYqN4qtiquniF,182907,4
0.607,0.912,-3.449,0.0611,0.124,0.0,0.332,0.722,134.944,200x8ONbPfFzByUr3fVz46,206107,4
0.686,0.494,-7.093,0.0355,0.613,5.8e-05,0.402,0.7,168.946,4k6Uh1HXdhtusDW5y8Gbvy,232067,4
0.686,0.494,-7.093,0.0355,0.613,5.8e-05,0.402,0.7,168.946,4k6Uh1HXdhtusDW5y8Gbvy,232067,4
0.561,0.965,-3.673,0.0343,0.00383,7.07e-06,0.371,0.304,128.04,4uUG5RXrOk84mYEfFvj3cK,175238,4
0.571,0.544,-10.613,0.0299,0.453,0.00805,0.322,0.216,132.052,1xK59OXxi2TAAAbmZK0kBL,132631,4
0.719,0.661,-4.634,0.144,0.00176,0.0,0.0936,0.226,87.932,6qzBOV7lg2pnYm1tIvjxo3,192727,5
0.485,0.545,-7.924,0.0336,0.0651,0.00547,0.0642,0.0385,150.185,4Ls53fBNVfaXTROBi6X8Hw,123891,4
0.834,0.522,-3.574,0.0703,0.34,1.59e-06,0.0783,0.854,145.035,0QHEIqNKsMoOY5urbzN48u,134256,4
0.598,0.47,-8.744,0.0496,0.617,0.0,0.505,0.879,67.086,2EjXfH91m7f8HiJN1yQg97,126267,4
0.754,0.424,-8.463,0.0363,0.643,0.0,0.0652,0.806,119.705,7vQbuQcyTflfCIOu3Uzzya,130973,4
0.509,0.812,-5.438,0.0537,0.0013,1.99e-05,0.214,0.689,159.876,3nAp4IvdMPPWEH9uuXFFV5,229640,4
0.848,0.512,-7.72,0.102,0.228,0.00232,0.0879,0.572,120.009,2wSTnntOPRi7aQneobFtU4,181840,4
0.369,0.192,-12.151,0.04,0.555,8.35e-06,0.0954,0.148,175.212,3WMj8moIAXJhHsyLaqIIHI,228013,3
0.834,0.522,-3.574,0.0703,0.34,1.59e-06,0.0783,0.854,145.035,0QHEIqNKsMoOY5urbzN48u,134256,4
0.728,0.818,-5.068,0.0329,0.323,0.0,0.582,0.681,119.706,5W4kiM2cUYBJXKRudNyxjW,157478,4
0.515,0.593,-4.801,0.0322,0.653,0.162,0.25,0.153,94.467,5odlY52u43F5BjByhxg7wg,209260,3
0.485,0.545,-7.924,0.0336,0.0651,0.00547,0.0642,0.0385,150.185,4Ls53fBNVfaXTROBi6X8Hw,123891,4
0.95,0.891,-2.653,0.241,0.0645,1.77e-05,0.309,0.912,133.01,4C6Uex2ILwJi9sZXRdmqXp,170977,4
0.582,0.568,-7.3,0.0275,0.577,0.0,0.105,0.394,121.991,1TE8AAk9koG0UJco6ZAUfx,207541,3
0.839,0.813,-3.979,0.36,0.0744,0.0,0.116,0.711,79.816,0WNfQxDGaPTl0yogcMR5v1,209811,4
0.709,0.583,-5.298,0.204,0.138,2.97e-06,0.195,0.533,116.624,0vjeOZ3Ft5jvAi9SBFJm1j,182667,4
0.247,0.299,-6.083,0.0315,0.899,0.0,0.131,0.172,177.115,35ovElsgyAtQwYPYnZJECg,196520,4
0.539,0.508,-6.05,0.0288,0.727,0.0,0.174,0.227,101.358,0T5iIrXA4p5GsubkhuBIKV,177720,3
0.565,0.56,-6.034,0.0275,0.538,0.0,0.0961,0.325,159.931,67AdiJcurlf6gocGobfaXs,177267,4
0.365,0.541,-7.489,0.0304,0.0419,2.25e-06,0.281,0.329,86.041,6ngGiVX91DRmGDH4G5EgeO,232093,4
0.587,0.632,-5.416,0.0311,0.148,1.01e-05,0.158,0.392,139.974,5DIBVDJOHh7djepAjKHWCO,199040,4
0.801,0.806,-5.206,0.0381,0.382,0.000669,0.114,0.802,106.999,0WtM2NBVQNNJLh6scP13H8,239318,4
0.473,0.751,-5.196,0.0318,9.91e-05,0.0181,0.118,0.569,110.025,0unNLQbn2xlm2nPcB1pdjS,183787,4
0.667,0.75,-4.602,0.0906,0.0746,0.000198,0.197,0.486,126.041,72yP0DUlWPyH8P7IoxskwN,202246,4
0.472,0.701,-4.563,0.0369,0.0387,0.0,0.107,0.515,79.805,7xNYZeFtrB05pi9tc6lEeb,169440,4
0.955,0.516,-10.501,0.33,0.332,0.0,0.189,0.694,119.926,6RGH7mvHffrBcHuW60vgZB,125858,4
0.796,0.806,-3.441,0.321,0.332,0.0,0.104,0.56,178.007,4NoOME4Dhf4xgxbHDT7VGe,200120,4
0.613,0.923,-5.187,0.0307,0.00413,1.97e-06,0.284,0.893,141.982,1rXq0uoV4KTgRN64jXzIxo,206865,4
0.567,0.841,-3.933,0.0263,0.00543,0.000922,0.137,0.712,103.982,03fs6oV5JAlbytRYf3371S,187047,4
0.686,0.833,-3.768,0.0381,0.0619,3.76e-05,0.0657,0.833,143.965,7phmBo7bB9I9YifAXqnlqV,181767,4
0.813,0.381,-9.339,0.0494,0.276,0.0,0.0985,0.434,116.028,1SRw5p2lVAi7RGlHEmZg66,208630,4
0.765,0.552,-7.524,0.309,0.175,0.0,0.193,0.492,119.476,5wG3HvLhF6Y5KTGlK0IW3J,194787,4
0.766,0.914,-3.925,0.0464,0.188,0.0,0.0915,0.77,124.028,596qBkNP4ezd84Y2mqL2tM,158739,4
0.706,0.648,-6.348,0.324,0.505,0.0,0.215,0.802,77.533,6OfOzTitafSnsaunQLuNFw,161041,4
0.938,0.606,-6.396,0.419,0.117,0.0,0.528,0.706,121.108,0WoVfPjxsf9MTvPt9ptqeE,123673,4
0.657,0.871,-4.614,0.0675,0.0031,0.0,0.102,0.532,114.974,2KtGiBi5CrX2ERPD2PAS34,179640,4
0.436,0.409,-4.438,0.0533,0.499,0.000166,0.38,0.363,98.357,6unndO70DvZfnXYcYQMyQJ,160166,3
0.851,0.676,-5.738,0.0366,0.395,0.00342,0.0907,0.523,132.007,1DBXfbLYNqIlPwxjUxDxaR,201993,3
0.795,0.507,-8.06,0.303,0.0612,0.0,0.272,0.48,146.771,0Ymjv0OJeIIPXr6s9wi3iW,88304,4
0.708,0.737,-4.045,0.0436,0.0739,0.00162,0.0955,0.607,91.986,7ABLbnD53cQK00mhcaOUVG,197920,4
0.739,0.413,-6.709,0.0282,0.47,2.51e-05,0.131,0.649,139.921,3sYBFUXTv0STUoUINx9Qe8,208853,4
0.663,0.77,-4.88,0.0371,0.0876,0.0,0.352,0.772,132.058,6CThut6kPrjot0pTJOTEer,167535,4
0.57,0.557,-12.055,0.105,0.143,0.0,0.0926,0.301,83.224,5W0RVQViQC7xocvAUnIs6Z,153129,4
0.468,0.495,-10.671,0.167,0.717,0.0,0.11,0.171,114.227,0wGVE3BxTW5KCjoLsNlVRB,190588,5
0.634,0.538,-9.213,0.0603,0.0514,0.0,0.099,0.152,168.029,4aA7Lrm6rLGHx5kRMVb7NU,160714,5
0.664,0.5,-6.935,0.0651,0.799,0.0,0.0966,0.801,117.896,0mflMxspEfB0VbI1kyLiAv,182347,4
0.675,0.546,-7.716,0.0511,0.556,0.00441,0.167,0.607,77.415,7DswEZZthZ6piQpL25qGAM,184258,4
0.724,0.779,-5.412,0.0807,0.098,0.0,0.127,0.53,123.013,6rjuKpPydT2SxN15TZpV7r,144390,4
0.567,0.841,-3.933,0.0263,0.00543,0.000922,0.137,0.712,103.982,03fs6oV5JAlbytRYf3371S,187047,4
0.663,0.77,-4.88,0.0371,0.0876,0.0,0.352,0.772,132.058,6CThut6kPrjot0pTJOTEer,167535,4
0.461,0.887,-4.871,0.0429,0.000219,0.0,0.104,0.411,95.964,5ya0TmUQw2wHMkq36rPsnd,189987,4
0.853,0.824,-3.287,0.103,0.0322,0.0,0.0859,0.888,108.044,6xGr4tVzpTX99p9Cf0hRRL,201812,4
0.512,0.709,-5.767,0.0327,0.0423,4.3e-06,0.107,0.261,97.971,5DQU4Fmdx7Hs7pwtcZMSTK,211413,4
0.529,0.772,-7.013,0.0287,0.403,2.21e-06,0.316,0.853,91.751,5ASM6Qjiav2xPe7gRkQMsQ,181267,4
0.525,0.621,-7.364,0.117,0.0489,0.0,0.291,0.592,191.868,0lizgQ7Qw35od7CYaoMBZb,204093,4
0.712,0.603,-5.52,0.0262,0.186,0.0,0.115,0.67,97.994,1Lo0QY9cvc8sUB2vnIOxDT,265493,4
0.659,0.789,-5.723,0.0293,0.487,0.0,0.115,0.468,139.982,0PAcdVzhPO4gq1Iym9ESnK,177388,4
0.561,0.604,-4.409,0.0337,0.199,1.9e-05,0.104,0.242,159.92,17phhZDn6oGtzMe56NuWvj,210689,3
0.599,0.651,-7.343,0.035,0.0486,0.0,0.126,0.153,100.001,1Iq8oo9XkmmvCQiGOfORiz,229478,4
0.85,0.699,-3.292,0.0776,0.152,0.0,0.32,0.915,114.481,0cVyQfDyRnMJ0V3rjjdlU3,114234,4
0.93,0.435,-6.694,0.202,0.0173,0.000287,0.117,0.227,144.978,1a73gcEg6h6Re6hHXoVltJ,172138,4
0.353,0.77,-11.066,0.0493,0.0016,0.598,0.109,0.224,145.225,1DgtQlVNotingln271ZKCx,267893,4
0.664,0.5,-6.935,0.0651,0.799,0.0,0.0966,0.801,117.896,0mflMxspEfB0VbI1kyLiAv,182347,4
0.461,0.887,-4.871,0.0429,0.000219,0.0,0.104,0.411,95.964,5ya0TmUQw2wHMkq36rPsnd,189987,4
0.744,0.789,-4.876,0.059,0.0036,0.00144,0.0947,0.866,116.985,6D8y7Bck8h11byRY88Pt2z,185918,4
0.494,0.567,-4.156,0.0334,0.0235,2.4e-06,0.146,0.22,112.011,0MIp9iBm1V41ERxkZnmSUG,218260,3
0.663,0.77,-4.88,0.0371,0.0876,0.0,0.352,0.772,132.058,6CThut6kPrjot0pTJOTEer,167535,4
0.444,0.629,-4.435,0.0318,0.00544,0.0,0.271,0.376,134.931,7hZTywPKMdVjJzwdWu11BK,200347,3
0.662,0.55,-5.816,0.0366,0.00354,8.95e-06,0.406,0.308,136.184,0kE09o4Jdeu7vqjmkV1YJP,141368,4
0.512,0.709,-5.767,0.0327,0.0423,4.3e-06,0.107,0.261,97.971,5DQU4Fmdx7Hs7pwtcZMSTK,211413,4
0.781,0.569,-7.858,0.0978,0.0534,0.0,0.098,0.0739,121.971,2x2olWuWXpqjoeE4bO1NFS,125902,4
0.708,0.731,-4.872,0.0345,0.0189,4.47e-06,0.129,0.379,116.975,0eBFgRxyVSeuT4iyrbukdn,239533,4
0.461,0.718,-5.627,0.0666,0.139,1.66e-05,0.0968,0.334,162.187,09hVlIVHtEE1nLUv6YGZiW,233869,4
0.791,0.694,-4.332,0.0335,0.0736,1.75e-06,0.0958,0.826,123.508,2Zo1PcszsT9WQ0ANntJbID,185553,4
0.409,0.347,-8.159,0.0359,0.834,4.55e-06,0.121,0.199,141.332,56xHMIfQPoe0prrSi3BGhf,205484,4
0.73,0.849,-5.281,0.0299,0.00234,2.57e-05,0.312,0.887,117.308,4tKGFmENO69tZR9ahgZu48,230013,4
0.796,0.468,-6.375,0.0324,0.122,0.0,0.118,0.0677,119.98,0WIv5qV41y6YjjB9V1biuC,188000,4
0.894,0.66,-5.349,0.33,0.0243,0.0,0.139,0.181,148.072,5A8xI7PN4WDe9e61xEdt94,142703,4
0.599,0.946,-4.263,0.0447,0.000938,0.0106,0.0826,0.747,151.647,2GxrNKugF82CnoRFbQfzPf,142515,4
0.7,0.582,-5.96,0.0356,0.0502,0.0,0.0881,0.785,116.712,0WbMK4wrZ1wFSty9F7FCgu,218424,4
0.702,0.606,-7.288,0.197,0.00199,0.0,0.382,0.337,75.497,55i5Hdv7VkcQtXCn1zyvKg,139467,4
0.506,0.757,-4.802,0.037,0.0798,0.0,0.0885,0.489,79.984,3Hns0fETEXY84fGjboAbT7,183920,4
0.768,0.723,-5.061,0.169,0.0167,1.47e-05,0.127,0.208,136.003,4dBoAE3FBnVQa9zBqWLMjQ,148240,4
0.795,0.63,-5.854,0.0434,0.157,0.0,0.0732,0.447,97.998,0Lmbke3KNVFXtoH2mMSHCw,173640,4
0.649,0.663,-9.059,0.229,0.263,0.0,0.144,0.208,139.023,4KWeGKChLKcnZsj3sIOSkW,284893,4
0.45,0.812,-4.338,0.0419,0.0185,2.74e-06,0.0858,0.591,151.872,2b98AhAxuK5i4YUHaQ7eQR,201807,4
0.722,0.725,-4.41,0.037,0.153,0.0,0.393,0.468,128.007,2ObBVRY8a2lnAkNG62u9eC,163894,4
0.731,0.586,-7.564,0.172,0.116,0.0,0.0987,0.147,125.845,3lUYO6zvXI88sNDpyKvIJ2,199165,4
0.786,0.761,-3.315,0.0606,0.0943,1.47e-06,0.312,0.449,149.002,6XVkJ1fM7NkjODPYI7QbAM,128859,4
0.702,0.631,-8.365,0.124,0.0315,1.26e-06,0.145,0.429,88.91,1mg8rzws9v1V7OrHAIwT84,172644,4
0.406,0.619,-6.762,0.0958,0.255,1.23e-06,0.399,0.601,83.53,5ahdQDl9WGN9dNDDH0RKyJ,147750,4
0.38,0.784,-6.004,0.299,0.523,0.000139,0.494,0.418,82.318,1YdtGoSYDvVQKoUqSDXX41,284364,4
0.705,0.339,-10.612,0.0278,0.552,0.0814,0.12,0.457,97.989,3siwsiaEoU4Kuuc9WKMUy5,236907,4
